"","Date","Cases"
"1",2019-01-01,4
"2",2019-01-02,8
"3",2019-01-03,8
"4",2019-01-04,9
"5",2019-01-05,3
"6",2019-01-06,2
"7",2019-01-07,14
"8",2019-01-08,4
"9",2019-01-09,10
"10",2019-01-10,14
"11",2019-01-11,5
"12",2019-01-12,5
"13",2019-01-13,4
"14",2019-01-14,15
"15",2019-01-15,11
"16",2019-01-16,9
"17",2019-01-17,3
"18",2019-01-18,6
"19",2019-01-19,4
"20",2019-01-20,2
"21",2019-01-21,11
"22",2019-01-22,10
"23",2019-01-23,2
"24",2019-01-24,11
"25",2019-01-25,13
"26",2019-01-26,1
"27",2019-01-27,1
"28",2019-01-28,3
"29",2019-01-29,11
"30",2019-01-30,4
"31",2019-01-31,13
"32",2019-02-01,4
"33",2019-02-02,0
"34",2019-02-03,3
"35",2019-02-04,2
"36",2019-02-05,2
"37",2019-02-06,1
"38",2019-02-07,6
"39",2019-02-08,5
"40",2019-02-09,3
"41",2019-02-10,1
"42",2019-02-11,4
"43",2019-02-12,3
"44",2019-02-13,2
"45",2019-02-14,11
"46",2019-02-15,6
"47",2019-02-16,11
"48",2019-02-17,3
"49",2019-02-18,8
"50",2019-02-19,8
"51",2019-02-20,4
"52",2019-02-21,5
"53",2019-02-22,6
"54",2019-02-23,4
"55",2019-02-24,2
"56",2019-02-25,5
"57",2019-02-26,8
"58",2019-02-27,9
"59",2019-02-28,8
"60",2019-03-01,5
"61",2019-03-02,2
"62",2019-03-03,5
"63",2019-03-04,4
"64",2019-03-05,10
"65",2019-03-06,5
"66",2019-03-07,2
"67",2019-03-08,5
"68",2019-03-09,1
"69",2019-03-10,3
"70",2019-03-11,0
"71",2019-03-12,2
"72",2019-03-13,8
"73",2019-03-14,0
"74",2019-03-15,4
"75",2019-03-16,3
"76",2019-03-17,1
"77",2019-03-18,5
"78",2019-03-19,7
"79",2019-03-20,3
"80",2019-03-21,2
"81",2019-03-22,0
"82",2019-03-23,3
"83",2019-03-24,2
"84",2019-03-25,1
"85",2019-03-26,7
"86",2019-03-27,3
"87",2019-03-28,0
"88",2019-03-29,2
"89",2019-03-30,0
"90",2019-03-31,0
"91",2019-04-01,5
"92",2019-04-02,2
"93",2019-04-03,4
"94",2019-04-04,2
"95",2019-04-05,4
"96",2019-04-06,1
"97",2019-04-07,0
"98",2019-04-08,2
"99",2019-04-09,1
"100",2019-04-10,0
"101",2019-04-11,4
"102",2019-04-12,5
"103",2019-04-13,1
"104",2019-04-14,1
"105",2019-04-15,1
"106",2019-04-16,2
"107",2019-04-17,2
"108",2019-04-18,1
"109",2019-04-19,2
"110",2019-04-20,1
"111",2019-04-21,4
"112",2019-04-22,3
"113",2019-04-23,2
"114",2019-04-24,9
"115",2019-04-25,1
"116",2019-04-26,7
"117",2019-04-27,5
"118",2019-04-28,1
"119",2019-04-29,6
"120",2019-04-30,5
"121",2019-05-01,3
"122",2019-05-02,6
"123",2019-05-03,7
"124",2019-05-04,7
"125",2019-05-05,2
"126",2019-05-06,9
"127",2019-05-07,6
"128",2019-05-08,9
"129",2019-05-09,8
"130",2019-05-10,13
"131",2019-05-11,4
"132",2019-05-12,1
"133",2019-05-13,22
"134",2019-05-14,10
"135",2019-05-15,17
"136",2019-05-16,10
"137",2019-05-17,12
"138",2019-05-18,9
"139",2019-05-19,5
"140",2019-05-20,7
"141",2019-05-21,13
"142",2019-05-22,18
"143",2019-05-23,11
"144",2019-05-24,5
"145",2019-05-25,7
"146",2019-05-26,7
"147",2019-05-27,16
"148",2019-05-28,12
"149",2019-05-29,6
"150",2019-05-30,13
"151",2019-05-31,11
"152",2019-06-01,5
"153",2019-06-02,5
"154",2019-06-03,10
"155",2019-06-04,11
"156",2019-06-05,5
"157",2019-06-06,10
"158",2019-06-07,14
"159",2019-06-08,11
"160",2019-06-09,11
"161",2019-06-10,11
"162",2019-06-11,15
"163",2019-06-12,11
"164",2019-06-13,16
"165",2019-06-14,14
"166",2019-06-15,13
"167",2019-06-16,4
"168",2019-06-17,16
"169",2019-06-18,15
"170",2019-06-19,9
"171",2019-06-20,13
"172",2019-06-21,12
"173",2019-06-22,10
"174",2019-06-23,12
"175",2019-06-24,17
"176",2019-06-25,30
"177",2019-06-26,15
"178",2019-06-27,23
"179",2019-06-28,12
"180",2019-06-29,18
"181",2019-06-30,6
"182",2019-07-01,17
"183",2019-07-02,21
"184",2019-07-03,40
"185",2019-07-04,15
"186",2019-07-05,13
"187",2019-07-06,16
"188",2019-07-07,13
"189",2019-07-08,32
"190",2019-07-09,24
"191",2019-07-10,28
"192",2019-07-11,27
"193",2019-07-12,19
"194",2019-07-13,16
"195",2019-07-14,19
"196",2019-07-15,21
"197",2019-07-16,40
"198",2019-07-17,23
"199",2019-07-18,19
"200",2019-07-19,22
"201",2019-07-20,29
"202",2019-07-21,13
"203",2019-07-22,20
"204",2019-07-23,29
"205",2019-07-24,20
"206",2019-07-25,25
"207",2019-07-26,19
"208",2019-07-27,19
"209",2019-07-28,11
"210",2019-07-29,22
"211",2019-07-30,26
"212",2019-07-31,23
"213",2019-08-01,26
"214",2019-08-02,22
"215",2019-08-03,8
"216",2019-08-04,14
"217",2019-08-05,24
"218",2019-08-06,14
"219",2019-08-07,19
"220",2019-08-08,26
"221",2019-08-09,8
"222",2019-08-10,21
"223",2019-08-11,9
"224",2019-08-12,16
"225",2019-08-13,10
"226",2019-08-14,15
"227",2019-08-15,19
"228",2019-08-16,21
"229",2019-08-17,18
"230",2019-08-18,11
"231",2019-08-19,13
"232",2019-08-20,18
"233",2019-08-21,17
"234",2019-08-22,21
"235",2019-08-23,9
"236",2019-08-24,5
"237",2019-08-25,13
"238",2019-08-26,12
"239",2019-08-27,24
"240",2019-08-28,14
"241",2019-08-29,12
"242",2019-08-30,18
"243",2019-08-31,5
"244",2019-09-01,1
"245",2019-09-02,15
"246",2019-09-03,20
"247",2019-09-04,4
"248",2019-09-05,13
"249",2019-09-06,17
"250",2019-09-07,6
"251",2019-09-08,7
"252",2019-09-09,21
"253",2019-09-10,12
"254",2019-09-11,5
"255",2019-09-12,5
"256",2019-09-13,15
"257",2019-09-14,8
"258",2019-09-15,8
"259",2019-09-16,7
"260",2019-09-17,10
"261",2019-09-18,12
"262",2019-09-19,6
"263",2019-09-20,9
"264",2019-09-21,6
"265",2019-09-22,5
"266",2019-09-23,12
"267",2019-09-24,14
"268",2019-09-25,11
"269",2019-09-26,3
"270",2019-09-27,5
"271",2019-09-28,5
"272",2019-09-29,5
"273",2019-09-30,8
"274",2019-10-01,9
"275",2019-10-02,8
"276",2019-10-03,15
"277",2019-10-04,8
"278",2019-10-05,7
"279",2019-10-06,4
"280",2019-10-07,12
"281",2019-10-08,15
"282",2019-10-09,17
"283",2019-10-10,10
"284",2019-10-11,9
"285",2019-10-12,5
"286",2019-10-13,6
"287",2019-10-14,12
"288",2019-10-15,8
"289",2019-10-16,11
"290",2019-10-17,15
"291",2019-10-18,11
"292",2019-10-19,9
"293",2019-10-20,3
"294",2019-10-21,7
"295",2019-10-22,14
"296",2019-10-23,16
"297",2019-10-24,9
"298",2019-10-25,10
"299",2019-10-26,5
"300",2019-10-27,10
"301",2019-10-28,13
"302",2019-10-29,16
"303",2019-10-30,7
"304",2019-10-31,11
"305",2019-11-01,17
"306",2019-11-02,5
"307",2019-11-03,7
"308",2019-11-04,12
"309",2019-11-05,5
"310",2019-11-06,11
"311",2019-11-07,12
"312",2019-11-08,6
"313",2019-11-09,7
"314",2019-11-10,6
"315",2019-11-11,11
"316",2019-11-12,19
"317",2019-11-13,12
"318",2019-11-14,17
"319",2019-11-15,10
"320",2019-11-16,6
"321",2019-11-17,4
"322",2019-11-18,19
"323",2019-11-19,15
"324",2019-11-20,11
"325",2019-11-21,12
"326",2019-11-22,12
"327",2019-11-23,6
"328",2019-11-24,1
"329",2019-11-25,15
"330",2019-11-26,12
"331",2019-11-27,7
"332",2019-11-28,13
"333",2019-11-29,10
"334",2019-11-30,5
"335",2019-12-01,5
"336",2019-12-02,13
"337",2019-12-03,5
"338",2019-12-04,10
"339",2019-12-05,8
"340",2019-12-06,13
"341",2019-12-07,5
"342",2019-12-08,7
"343",2019-12-09,6
"344",2019-12-10,11
"345",2019-12-11,14
"346",2019-12-12,11
"347",2019-12-13,11
"348",2019-12-14,9
"349",2019-12-15,10
"350",2019-12-16,13
"351",2019-12-17,11
"352",2019-12-18,6
"353",2019-12-19,2
"354",2019-12-20,9
"355",2019-12-21,3
"356",2019-12-22,3
"357",2019-12-23,2
"358",2019-12-24,17
"359",2019-12-25,8
"360",2019-12-26,11
"361",2019-12-27,10
"362",2019-12-28,9
