"","x"
"1",27.6
"2",27.4
"3",27.4
"4",26.8
"5",27.5
"6",26.3
"7",25.9
"8",27.2
"9",27.5
"10",26.6
"11",27.6
"12",27.3
"13",27.3
"14",27.4
"15",27.3
"16",27.3
"17",27.9
"18",27.5
"19",27.9
"20",27.7
"21",25.9
"22",27.7
"23",27.8
"24",27.6
"25",27.7
"26",28.1
"27",27.2
"28",28.2
"29",25.9
"30",26.9
"31",28
"32",27.6
"33",27.3
"34",27.6
"35",27.4
"36",27.5
"37",27.7
"38",27.6
"39",27.5
"40",25.8
"41",26.5
"42",26.1
"43",27.4
"44",28.1
"45",28.1
"46",28.3
"47",27.9
"48",28.3
"49",26.9
"50",27.7
"51",27.5
"52",26.4
"53",27.2
"54",27.6
"55",26.6
"56",27.8
"57",27.9
"58",28.1
"59",28
"60",27.9
"61",28
"62",28.1
"63",28.1
"64",28.2
"65",27.3
"66",27.5
"67",27.6
"68",28
"69",28.3
"70",28.6
"71",28.5
"72",28.6
"73",29
"74",28.8
"75",29.1
"76",28.6
"77",28.5
"78",28.3
"79",28.1
"80",27.9
"81",27.6
"82",27.6
"83",26.4
"84",28.2
"85",28.2
"86",28.9
"87",28.2
"88",28.5
"89",29
"90",28.9
"91",29.2
"92",29.2
"93",28.7
"94",27.9
"95",29.3
"96",28.7
"97",27.7
"98",26.9
"99",28.4
"100",28.8
"101",28.9
"102",28.8
"103",28.6
"104",28.1
"105",28.1
"106",28.1
"107",29.4
"108",29.1
"109",29.2
"110",29.7
"111",29.5
"112",29
"113",29.7
"114",28.4
"115",27.1
"116",27.3
"117",26.9
"118",26.8
"119",28.2
"120",28.3
"121",27.2
"122",26.4
"123",28.6
"124",28.5
"125",27.8
"126",29
"127",29
"128",29
"129",28.8
"130",30.1
"131",28.7
"132",28.4
"133",29.4
"134",27.8
"135",28.7
"136",29.5
"137",29.6
"138",28.4
"139",28.9
"140",30.1
"141",28.1
"142",29.2
"143",27.7
"144",27.4
"145",29.4
"146",29.8
"147",29.7
"148",27.6
"149",28.8
"150",28.5
"151",28.3
"152",28.7
"153",26.7
"154",26.7
"155",29
"156",28.1
"157",27.5
"158",27
"159",29.2
"160",29.5
"161",29.5
"162",29
"163",28.8
"164",28.3
"165",25.8
"166",27.4
"167",29.1
"168",27.9
"169",26.7
"170",27.3
"171",27.5
"172",26.1
"173",25.9
"174",26.7
"175",25.8
"176",26.3
"177",27.8
"178",28.4
"179",28.6
"180",28.6
"181",28.8
"182",28.7
"183",28.7
"184",28.6
"185",28.8
"186",27.9
"187",27.9
"188",28.6
"189",27.5
"190",26.9
"191",25.2
"192",27
"193",27.4
"194",27.9
"195",25.6
"196",26.4
"197",27.1
"198",28.1
"199",28.8
"200",27.9
"201",28.1
"202",28.6
"203",28.8
"204",27.9
"205",27.3
"206",27.1
"207",26.7
"208",27.1
"209",26.4
"210",27.8
"211",26
"212",27.8
"213",27.6
"214",27.8
"215",28.4
"216",28.7
"217",27.2
"218",28.3
"219",28.8
"220",29
"221",29.3
"222",29.3
"223",29.2
"224",29.4
"225",27.7
"226",28
"227",25.7
"228",25.7
"229",25.7
"230",26.5
"231",26.7
"232",27.7
"233",27.6
"234",28.9
"235",27.6
"236",25.5
"237",27.8
"238",27.6
"239",26.3
"240",27.4
"241",28.4
"242",26.8
"243",28.1
"244",28.6
"245",28.1
"246",28.2
"247",26.9
"248",26.8
"249",25.1
"250",26.3
"251",27.9
"252",27.9
"253",28.5
"254",26.8
"255",27
"256",25.9
"257",25.9
"258",25.9
"259",25.9
"260",26.1
"261",27.8
"262",28.4
"263",27.8
"264",28.7
"265",25.9
"266",27.4
"267",28.7
"268",28
"269",28.4
"270",25.3
"271",26
"272",28
"273",26.9
"274",27.9
"275",26.4
"276",27.3
"277",27.2
"278",28.2
"279",28.7
"280",28.3
"281",27.7
"282",26.6
"283",27.5
"284",27.2
"285",27.1
"286",27.7
"287",28.8
"288",28.5
"289",28
"290",28.6
"291",29.3
"292",27.6
"293",28.5
"294",27.7
"295",28.8
"296",26.7
"297",28.6
"298",27.7
"299",28
"300",27
"301",29.4
"302",27.2
"303",28
"304",28.5
"305",27.3
"306",27.6
"307",26.7
"308",27.4
"309",25.3
"310",28
"311",28.8
"312",25.5
"313",25.9
"314",26.8
"315",27
"316",28.4
"317",29.2
"318",28.9
"319",28.1
"320",27
"321",27.6
"322",27.3
"323",28.1
"324",27.5
"325",27.3
"326",26.1
"327",25.8
"328",25.3
"329",25.5
"330",26.2
"331",25.8
"332",27.1
"333",26.2
"334",27.4
"335",27.2
"336",28.7
"337",27.7
"338",26.9
"339",26.2
"340",26.5
"341",27.7
"342",27.6
"343",27.8
"344",27.2
"345",27
"346",27.5
"347",25.9
"348",26.6
"349",26.1
"350",26.2
"351",25.5
"352",26
"353",24.9
"354",26
"355",26.5
"356",26.8
"357",27.2
"358",27.8
"359",26.5
"360",27.9
"361",26.5
"362",26.5
"363",27.4
"364",26.4
"365",27.3
"366",26.3
